year,subgroup,nobs,coef,stderr,pval,note
2021,Food/Retail (low-wage industries),3703,-0.012841616456780428,0.017159470806587102,0.4542375999031647,
2021,Other industries,9740,0.028130732876524227,0.013607567025580981,0.03870721217101654,
2021,Young workers (14-25),3179,-0.010122359929188448,0.02048804626076634,0.6212625723164753,
2021,Prime age (26-54),7351,0.019059183022683078,0.010754682351382336,0.07636545314298633,
2021,Near-retirement (55+),2913,0.03660229313959215,0.02854341675134943,0.19972428515412421,
